Series Name,Series Code,Country Name,Country Code,1990 [YR1990],1995 [YR1995],2000 [YR2000],2005 [YR2005],2010 [YR2010],2015 [YR2015],2020 [YR2020]
"Population, total",SP.POP.TOTL,Afghanistan,AFG,10694796,16418912,19542982,24411191,28189672,33753499,38972230
"Population, total",SP.POP.TOTL,Albania,ALB,3286542,3187784,3089027,3011487,2913021,2880703,2837849
"Population, total",SP.POP.TOTL,Algeria,DZA,25518074,28478022,30774621,32956690,35856344,39543154,43451666
"Population, total",SP.POP.TOTL,American Samoa,ASM,47818,53401,58230,57254,54849,51368,46189
"Population, total",SP.POP.TOTL,Andorra,AND,53569,62928,66097,79826,71519,71746,77700
"Population, total",SP.POP.TOTL,Angola,AGO,11828638,13912253,16394062,19450959,23364185,28127721,33428486
"Population, total",SP.POP.TOTL,Antigua and Barbuda,ATG,63328,68398,75055,79869,85695,89941,92664
"Population, total",SP.POP.TOTL,Argentina,ARG,32637657,34946110,37070774,39070501,40788453,43131966,45376763
"Population, total",SP.POP.TOTL,Armenia,ARM,3556539,3322782,3168523,3047246,2946293,2878595,2805608
"Population, total",SP.POP.TOTL,Aruba,ABW,65712,77050,89101,94483,100341,104257,106585
"Population, total",SP.POP.TOTL,Australia,AUS,17065128,18004882,19028802,20176844,22031750,23815995,25655289
"Population, total",SP.POP.TOTL,Austria,AUT,7677850,7948278,8011566,8227829,8363404,8642699,8916864
"Population, total",SP.POP.TOTL,Azerbaijan,AZE,7175200,7684850,8048600,8391850,9054332,9649341,10093121
"Population, total",SP.POP.TOTL,"Bahamas, The",BHS,270679,299554,325014,347804,373272,392697,406471
"Population, total",SP.POP.TOTL,Bahrain,BHR,517418,612934,711442,901921,1213645,1362142,1477469
"Population, total",SP.POP.TOTL,Bangladesh,BGD,107147651,117793338,129193327,140912590,148391139,157830000,167420951
"Population, total",SP.POP.TOTL,Barbados,BRB,258868,262303,264657,269477,274711,278083,280693
"Population, total",SP.POP.TOTL,Belarus,BLR,10189348,10193831,9979610,9663915,9483836,9461076,9379952
"Population, total",SP.POP.TOTL,Belgium,BEL,9967379,10136811,10251250,10478617,10895586,11274196,11538604
"Population, total",SP.POP.TOTL,Belize,BLZ,182589,203556,240406,280375,322106,359871,394921
"Population, total",SP.POP.TOTL,Benin,BEN,5133419,6046511,6998023,8149419,9445710,10932783,12643123
"Population, total",SP.POP.TOTL,Bermuda,BMU,59326,59746,61833,64154,65124,65237,63893
"Population, total",SP.POP.TOTL,Bhutan,BTN,558442,527536,587207,663323,705516,743274,772506
"Population, total",SP.POP.TOTL,Bolivia,BOL,7096194,7841471,8592656,9377388,10223270,11090085,11936162
"Population, total",SP.POP.TOTL,Bosnia and Herzegovina,BIH,4494310,3750527,4179350,4094297,3811088,3524324,3318407
"Population, total",SP.POP.TOTL,Botswana,BWA,1341474,1543634,1726985,1892807,2091664,2305171,2546402
"Population, total",SP.POP.TOTL,Brazil,BRA,150706446,163515328,175873720,186797334,196353492,205188205,213196304
"Population, total",SP.POP.TOTL,British Virgin Islands,VGB,15617,17674,20104,23497,27556,29366,30910
"Population, total",SP.POP.TOTL,Brunei Darussalam,BRN,261928,299097,333926,366717,396053,421437,441725
"Population, total",SP.POP.TOTL,Bulgaria,BGR,8718289,8406067,8170172,7658972,7395599,7177991,6934015
"Population, total",SP.POP.TOTL,Burkina Faso,BFA,9131361,10353263,11882888,13876127,16116845,18718019,21522626
"Population, total",SP.POP.TOTL,Burundi,BDI,5483793,5932783,6307659,7388874,9126605,10727148,12220227
"Population, total",SP.POP.TOTL,Cabo Verde,CPV,364563,411382,458251,492827,521212,552166,582640
"Population, total",SP.POP.TOTL,Cambodia,KHM,8910808,10919528,12118841,13246583,14363532,15417523,16396860
"Population, total",SP.POP.TOTL,Cameroon,CMR,11430520,13211647,15091594,17275171,19878036,23012646,26491087
"Population, total",SP.POP.TOTL,Canada,CAN,27691138,29302311,30685730,32243753,34004889,35702908,38037204
"Population, total",SP.POP.TOTL,Cayman Islands,CYM,26027,32802,39658,46727,54074,60911,67311
"Population, total",SP.POP.TOTL,Central African Republic,CAF,2809221,3276706,3759170,4208834,4660067,4819333,5343020
"Population, total",SP.POP.TOTL,Chad,TCD,5827069,6888856,8259137,10005012,11894727,14140274,16644701
"Population, total",SP.POP.TOTL,Channel Islands,CHI,140601,142559,145306,150763,156933,162190,171113
"Population, total",SP.POP.TOTL,Chile,CHL,13342868,14416796,15351799,16175311,17004162,17870124,19300315
"Population, total",SP.POP.TOTL,China,CHN,1135185000,1204855000,1262645000,1303720000,1337705000,1379860000,1411100000
"Population, total",SP.POP.TOTL,Colombia,COL,32601393,35970101,39215135,42220940,44816108,47119728,50930662
"Population, total",SP.POP.TOTL,Comoros,COM,431119,483760,536758,592683,656024,730216,806166
"Population, total",SP.POP.TOTL,"Congo, Dem. Rep.",COD,35987541,43285791,48616317,56550247,66391257,78656904,92853164
"Population, total",SP.POP.TOTL,"Congo, Rep.",COG,2385435,2742309,3134030,3672839,4437884,5064386,5702174
"Population, total",SP.POP.TOTL,Costa Rica,CRI,3158253,3572856,3979193,4315887,4622252,4895242,5123105
"Population, total",SP.POP.TOTL,Cote d'Ivoire,CIV,11910540,14299727,16799670,18970215,21120042,23596741,26811790
"Population, total",SP.POP.TOTL,Croatia,HRV,4777368,4620030,4468302,4310145,4295427,4203604,4047680
"Population, total",SP.POP.TOTL,Cuba,CUB,10626680,10926703,11105791,11246114,11290417,11339894,11300698
"Population, total",SP.POP.TOTL,Curacao,CUW,145400,145139,133860,137658,148703,157980,154947
"Population, total",SP.POP.TOTL,Cyprus,CYP,788500,862418,948237,1037062,1129686,1187280,1237537
"Population, total",SP.POP.TOTL,Czechia,CZE,10333355,10327253,10255063,10211216,10474410,10546059,10697858
"Population, total",SP.POP.TOTL,Denmark,DNK,5140939,5233373,5339616,5419432,5547683,5683483,5831404
"Population, total",SP.POP.TOTL,Djibouti,DJI,577173,629619,742033,830861,919199,1006259,1090156
"Population, total",SP.POP.TOTL,Dominica,DMA,69481,69201,68346,68674,68755,70007,71995
"Population, total",SP.POP.TOTL,Dominican Republic,DOM,7129004,7869753,8540791,9164768,9775755,10405832,10999664
"Population, total",SP.POP.TOTL,Ecuador,ECU,10449837,11561683,12626507,13770012,14989585,16195902,17588595
"Population, total",SP.POP.TOTL,"Egypt, Arab Rep.",EGY,57214630,64166908,71371371,79075310,87252413,97723799,107465134
"Population, total",SP.POP.TOTL,El Salvador,SLV,5367179,5748195,5958482,6037817,6114034,6231066,6292731
"Population, total",SP.POP.TOTL,Equatorial Guinea,GNQ,465549,560740,684977,864726,1094524,1346973,1596049
"Population, total",SP.POP.TOTL,Eritrea,ERI,2149960,2157220,2392880,2831732,3147727,3340006,3555868
"Population, total",SP.POP.TOTL,Estonia,EST,1569174,1436634,1396985,1354775,1331475,1315407,1329522
"Population, total",SP.POP.TOTL,Eswatini,SWZ,854011,953573,1030496,1071886,1099920,1133936,1180655
"Population, total",SP.POP.TOTL,Ethiopia,ETH,47878073,57476536,67031867,77469940,89237791,102471895,117190911
"Population, total",SP.POP.TOTL,Faroe Islands,FRO,47479,43805,45660,48291,48410,48816,52415
"Population, total",SP.POP.TOTL,Fiji,FJI,780430,792246,832509,874923,905169,917200,920422
"Population, total",SP.POP.TOTL,Finland,FIN,4986431,5107790,5176209,5246096,5363352,5479531,5529543
"Population, total",SP.POP.TOTL,France,FRA,58044701,59543659,60921384,63188395,65030575,66548272,67571107
"Population, total",SP.POP.TOTL,French Polynesia,PYF,211089,231446,250927,271060,283788,291787,301920
"Population, total",SP.POP.TOTL,Gabon,GAB,983028,1121964,1272935,1458353,1711105,2028517,2292573
"Population, total",SP.POP.TOTL,"Gambia, The",GMB,1040616,1242155,1437539,1660368,1937275,2253133,2573995
"Population, total",SP.POP.TOTL,Georgia,GEO,4802000,4657722,4077131,3902469,3786695,3725276,3722716
"Population, total",SP.POP.TOTL,Germany,DEU,79433029,81678051,82211508,82469422,81776930,81686611,83160871
"Population, total",SP.POP.TOTL,Ghana,GHA,15446982,17438874,19665502,22496951,25574719,28870939,32180401
"Population, total",SP.POP.TOTL,Gibraltar,GIB,27317,27412,27741,29155,31262,32520,32709
"Population, total",SP.POP.TOTL,Greece,GRC,10196792,10562153,10805808,10987314,11121341,10820883,10698599
"Population, total",SP.POP.TOTL,Greenland,GRL,55600,55800,56200,56935,56905,56114,56367
"Population, total",SP.POP.TOTL,Grenada,GRD,99047,104060,107432,110254,114039,118980,123663
"Population, total",SP.POP.TOTL,Guam,GUM,138263,150094,160188,164430,164905,167978,169231
"Population, total",SP.POP.TOTL,Guatemala,GTM,9050115,10286786,11589761,12948292,14259687,15567419,16858333
"Population, total",SP.POP.TOTL,Guinea,GIN,6354145,7468347,8336967,9140114,10270728,11625998,13205153
"Population, total",SP.POP.TOTL,Guinea-Bissau,GNB,973551,1117222,1230849,1379713,1567220,1788919,2015828
"Population, total",SP.POP.TOTL,Guyana,GUY,747116,751689,759051,759709,747932,755031,797202
"Population, total",SP.POP.TOTL,Haiti,HTI,6925331,7627316,8360225,9111900,9842880,10563757,11306801
"Population, total",SP.POP.TOTL,Honduras,HND,5053234,5812832,6656725,7564613,8450933,9294505,10121763
"Population, total",SP.POP.TOTL,"Hong Kong SAR, China",HKG,5704500,6156100,6665000,6813200,7024200,7291300,7481000
"Population, total",SP.POP.TOTL,Hungary,HUN,10373988,10328965,10210971,10087065,10000023,9843028,9750149
"Population, total",SP.POP.TOTL,Iceland,ISL,254826,267468,281205,296734,318041,330815,366463
"Population, total",SP.POP.TOTL,India,IND,870452165,964279129,1059633675,1154638713,1240613620,1322866505,1396387127
"Population, total",SP.POP.TOTL,Indonesia,IDN,182159874,198140162,214072421,228805144,244016173,259091970,271857970
"Population, total",SP.POP.TOTL,"Iran, Islamic Rep.",IRN,55793629,60794809,65544383,70182594,75373855,81790841,87290193
"Population, total",SP.POP.TOTL,Iraq,IRQ,17658381,20948858,24628858,28698684,31264875,37757813,42556984
"Population, total",SP.POP.TOTL,Ireland,IRL,3513974,3608841,3805174,4159914,4560155,4701957,4985382
"Population, total",SP.POP.TOTL,Isle of Man,IMN,68865,71454,75562,79415,83828,83593,84046
"Population, total",SP.POP.TOTL,Israel,ISR,4660000,5545000,6289000,6930100,7623600,8380100,9215100
"Population, total",SP.POP.TOTL,Italy,ITA,56719240,56844303,56942108,57969484,59277417,60730582,59438851
"Population, total",SP.POP.TOTL,Jamaica,JAM,2392030,2509372,2612205,2676863,2733896,2794445,2820436
"Population, total",SP.POP.TOTL,Japan,JPN,123478000,125472000,126843000,127773000,128070000,127141000,126261000
"Population, total",SP.POP.TOTL,Jordan,JOR,3480587,4458195,5056174,5678534,6931258,9494246,10928721
"Population, total",SP.POP.TOTL,Kazakhstan,KAZ,16348000,15816243,14883626,15147029,16321872,17542806,18755666
"Population, total",SP.POP.TOTL,Kenya,KEN,23162269,26878347,30851606,35843010,41517895,46851488,51985780
"Population, total",SP.POP.TOTL,Kiribati,KIR,75124,81481,88826,98164,107995,116707,126463
"Population, total",SP.POP.TOTL,"Korea, Dem. People's Rep.",PRK,20799523,22385536,23367059,24100982,24686435,25258015,25867467
"Population, total",SP.POP.TOTL,"Korea, Rep.",KOR,42869283,45092991,47008111,48184561,49554112,51014947,51836239
"Population, total",SP.POP.TOTL,Kosovo,XKX,1862000,2029000,1700000,1705780,1775680,1788196,1790133
"Population, total",SP.POP.TOTL,Kuwait,KWT,1674938,1655222,1934901,2235403,2943356,3908743,4360444
"Population, total",SP.POP.TOTL,Kyrgyz Republic,KGZ,4391200,4560400,4898400,5162600,5447900,5956900,6579900
"Population, total",SP.POP.TOTL,Lao PDR,LAO,4314443,4927432,5430853,5852970,6323418,6787419,7319399
"Population, total",SP.POP.TOTL,Latvia,LVA,2663151,2485056,2367550,2238799,2097555,1977527,1900449
"Population, total",SP.POP.TOTL,Lebanon,LBN,3593700,3959640,4320642,4643044,4995800,6398940,5662923
"Population, total",SP.POP.TOTL,Lesotho,LSO,1798997,1934079,1998630,1977424,2022747,2118521,2254100
"Population, total",SP.POP.TOTL,Liberia,LBR,2209731,2142422,2895224,3266318,4019956,4612329,5087584
"Population, total",SP.POP.TOTL,Libya,LBY,4236983,4733063,5154790,5837986,6491988,6192235,6653942
"Population, total",SP.POP.TOTL,Liechtenstein,LIE,28765,30890,33026,34603,35926,37355,38756
"Population, total",SP.POP.TOTL,Lithuania,LTU,3697838,3629102,3499536,3322528,3097282,2904910,2794885
"Population, total",SP.POP.TOTL,Luxembourg,LUX,381850,408625,436300,465158,506953,569604,630419
"Population, total",SP.POP.TOTL,"Macao SAR, China",MAC,350227,396641,431896,488619,557297,615239,676283
"Population, total",SP.POP.TOTL,Madagascar,MDG,11882762,13869138,16216431,18792171,21731053,24850912,28225177
"Population, total",SP.POP.TOTL,Malawi,MWI,9539665,10112816,11229387,12755648,14718422,16938942,19377061
"Population, total",SP.POP.TOTL,Malaysia,MYS,17517054,20136888,22945150,25923536,28717731,31068833,33199993
"Population, total",SP.POP.TOTL,Maldives,MDV,224957,258208,282507,307018,361575,435582,514438
"Population, total",SP.POP.TOTL,Mali,MLI,8945026,9921094,11239101,13180551,15529181,18112907,21224040
"Population, total",SP.POP.TOTL,Malta,MLT,354170,377419,390087,403834,414508,445053,515332
"Population, total",SP.POP.TOTL,Marshall Islands,MHL,46047,50702,54224,54337,53416,49410,43413
"Population, total",SP.POP.TOTL,Mauritania,MRT,2006027,2380341,2695003,3012360,3419461,3946220,4498604
"Population, total",SP.POP.TOTL,Mauritius,MUS,1058775,1122457,1186873,1228254,1250400,1262605,1265740
"Population, total",SP.POP.TOTL,Mexico,MEX,81720428,89969572,97873442,105442402,112532401,120149897,125998302
"Population, total",SP.POP.TOTL,"Micronesia, Fed. Sts.",FSM,98603,110328,111709,110940,107588,109462,112106
"Population, total",SP.POP.TOTL,Moldova,MDA,2965978,2953200,2924668,2888985,2862354,2835978,2635130
"Population, total",SP.POP.TOTL,Monaco,MCO,30329,31482,32465,32141,33178,36760,36922
"Population, total",SP.POP.TOTL,Mongolia,MNG,2161433,2330334,2450979,2559255,2702520,2964749,3294335
"Population, total",SP.POP.TOTL,Montenegro,MNE,606372,611712,604950,614261,619428,622159,621306
"Population, total",SP.POP.TOTL,Morocco,MAR,24570814,26599048,28554415,30431902,32464865,34680458,36688772
"Population, total",SP.POP.TOTL,Mozambique,MOZ,13303459,15594830,17768505,20211114,23073723,26843246,31178239
"Population, total",SP.POP.TOTL,Myanmar,MMR,40099553,42880186,45538332,47724471,49390988,51483949,53423198
"Population, total",SP.POP.TOTL,Namibia,NAM,1369011,1605370,1819141,1962865,2099271,2282704,2489098
"Population, total",SP.POP.TOTL,Nauru,NRU,9598,10316,10377,10318,10241,11185,12315
"Population, total",SP.POP.TOTL,Nepal,NPL,19616530,22305571,24559500,26285110,27161567,27610325,29348627
"Population, total",SP.POP.TOTL,Netherlands,NLD,14951510,15459006,15925513,16319868,16615394,16939923,17441500
"Population, total",SP.POP.TOTL,New Caledonia,NCL,170899,193816,213230,232250,249750,269460,271130
"Population, total",SP.POP.TOTL,New Zealand,NZL,3329800,3673400,3857700,4133900,4350700,4609400,5090200
"Population, total",SP.POP.TOTL,Nicaragua,NIC,4227820,4721929,5123222,5454678,5855734,6298598,6755895
"Population, total",SP.POP.TOTL,Niger,NER,8370648,9813918,11622665,13855221,16647543,20128124,24333639
"Population, total",SP.POP.TOTL,Nigeria,NGA,95214257,108187610,122851984,140490722,160952853,183995785,208327405
"Population, total",SP.POP.TOTL,North Macedonia,MKD,2044174,1983964,2026350,2036855,2055004,2070226,2072531
"Population, total",SP.POP.TOTL,Northern Mariana Islands,MNP,48002,48717,80338,69025,54087,51514,49587
"Population, total",SP.POP.TOTL,Norway,NOR,4241473,4359184,4490967,4623291,4889252,5188607,5379475
"Population, total",SP.POP.TOTL,Oman,OMN,1804524,2172672,2344253,2515192,2881914,4191776,4543399
"Population, total",SP.POP.TOTL,Pakistan,PAK,115414069,133117476,154369924,174372098,194454498,210969298,227196741
"Population, total",SP.POP.TOTL,Palau,PLW,15293,17209,19726,19831,18540,17794,17972
"Population, total",SP.POP.TOTL,Panama,PAN,2449968,2716067,3001731,3305868,3623617,3957099,4294396
"Population, total",SP.POP.TOTL,Papua New Guinea,PNG,3864972,4616439,5508297,6498818,7583269,8682174,9749640
"Population, total",SP.POP.TOTL,Paraguay,PRY,4059195,4603917,5123819,5476878,5768613,6177950,6618695
"Population, total",SP.POP.TOTL,Peru,PER,22109099,24449055,26654439,28147267,29229572,30711863,33304756
"Population, total",SP.POP.TOTL,Philippines,PHL,61558898,69250468,77958223,86261250,94636700,103031365,112190977
"Population, total",SP.POP.TOTL,Poland,POL,38110782,38594998,38258629,38165445,38042794,37986412,37899070
"Population, total",SP.POP.TOTL,Portugal,PRT,9983218,10026176,10289898,10503330,10573100,10358076,10297081
"Population, total",SP.POP.TOTL,Puerto Rico,PRI,3537000,3683103,3810605,3821362,3721525,3473232,3281538
"Population, total",SP.POP.TOTL,Qatar,QAT,441675,515133,645937,848710,1713504,2414573,2760385
"Population, total",SP.POP.TOTL,Romania,ROU,23201835,22684270,22442971,21319685,20246871,19815616,19265250
"Population, total",SP.POP.TOTL,Russian Federation,RUS,147969407,148375787,146596869,143518814,142849468,144096870,144073139
"Population, total",SP.POP.TOTL,Rwanda,RWA,7319962,5686897,8109989,9026299,10309031,11642959,13146362
"Population, total",SP.POP.TOTL,Samoa,WSM,168186,174902,184008,188626,194672,203571,214929
"Population, total",SP.POP.TOTL,San Marino,SMR,23132,24886,26823,29508,31608,33570,34007
"Population, total",SP.POP.TOTL,Sao Tome and Principe,STP,120343,133077,143714,161680,182138,201124,218641
"Population, total",SP.POP.TOTL,Saudi Arabia,SAU,16004763,18888857,21547390,24397644,29411929,32749848,35997107
"Population, total",SP.POP.TOTL,Senegal,SEN,7536001,8632681,9704287,10974057,12530121,14356181,16436120
"Population, total",SP.POP.TOTL,Serbia,SRB,7586000,7625357,7516346,7440769,7291436,7095383,6899126
"Population, total",SP.POP.TOTL,Seychelles,SYC,69507,75304,81131,82858,89770,93419,98462
"Population, total",SP.POP.TOTL,Sierra Leone,SLE,4325388,4324149,4584067,5683334,6436698,7314773,8233970
"Population, total",SP.POP.TOTL,Singapore,SGP,3047132,3524506,4027887,4265762,5076732,5535002,5685807
"Population, total",SP.POP.TOTL,Sint Maarten (Dutch part),SXM,27845,31596,30519,33011,34056,38825,42310
"Population, total",SP.POP.TOTL,Slovak Republic,SVK,5299187,5361999,5388720,5372807,5391428,5423801,5458827
"Population, total",SP.POP.TOTL,Slovenia,SVN,1998161,1989872,1988925,2000474,2048583,2063531,2102419
"Population, total",SP.POP.TOTL,Solomon Islands,SLB,324171,375189,429978,482486,540394,612660,691191
"Population, total",SP.POP.TOTL,Somalia,SOM,6999096,7210930,8721465,10467292,12026649,13763906,16537016
"Population, total",SP.POP.TOTL,South Africa,ZAF,39877570,43986084,46813266,49017147,51784921,55876504,58801927
"Population, total",SP.POP.TOTL,South Sudan,SSD,4750817,5302042,6114440,7662654,9714419,11194299,10606227
"Population, total",SP.POP.TOTL,Spain,ESP,38867322,39724050,40567864,43653155,46576897,46444832,47365655
"Population, total",SP.POP.TOTL,Sri Lanka,LKA,17325769,18242917,18777606,19544988,20261738,20970000,21919000
"Population, total",SP.POP.TOTL,St. Kitts and Nevis,KNA,40636,42550,45461,46725,47403,47790,47642
"Population, total",SP.POP.TOTL,St. Lucia,LCA,142301,152348,159500,165386,170935,175623,179237
"Population, total",SP.POP.TOTL,St. Martin (French part),MAF,28127,29435,29610,33452,36458,35020,32553
"Population, total",SP.POP.TOTL,St. Vincent and the Grenadines,VCT,112487,114174,113813,112043,109308,106482,104632
"Population, total",SP.POP.TOTL,Sudan,SDN,21090886,23290602,26298773,29540577,33739933,38171178,44440486
"Population, total",SP.POP.TOTL,Suriname,SUR,412756,434490,478998,516220,546080,575475,607065
"Population, total",SP.POP.TOTL,Sweden,SWE,8558835,8826939,8872109,9029572,9378126,9799186,10353442
"Population, total",SP.POP.TOTL,Switzerland,CHE,6715519,7040687,7184250,7437115,7824909,8282396,8638167
"Population, total",SP.POP.TOTL,Syrian Arab Republic,SYR,12408996,14313450,16307654,18583557,22337563,19205178,20772595
"Population, total",SP.POP.TOTL,Tajikistan,TJK,5417860,5916173,6272998,6929145,7621779,8524063,9543207
"Population, total",SP.POP.TOTL,Tanzania,TZA,26206012,30560071,34463704,39439505,45110527,52542823,61704518
"Population, total",SP.POP.TOTL,Thailand,THA,55228410,59424834,63066603,65821360,68270489,70294397,71475664
"Population, total",SP.POP.TOTL,Timor-Leste,TLS,758106,819226,878360,969313,1088486,1205813,1299995
"Population, total",SP.POP.TOTL,Togo,TGO,3875947,4279566,5008035,5711597,6571855,7473229,8442580
"Population, total",SP.POP.TOTL,Tonga,TON,98727,99977,102603,105633,107383,106122,105254
"Population, total",SP.POP.TOTL,Trinidad and Tobago,TTO,1266518,1307822,1332203,1369075,1410296,1460177,1518147
"Population, total",SP.POP.TOTL,Tunisia,TUN,8440023,9294102,9893316,10388344,10895063,11557779,12161723
"Population, total",SP.POP.TOTL,Turkiye,TUR,54324142,59305490,64113547,68704715,73195345,79646178,84135428
"Population, total",SP.POP.TOTL,Turkmenistan,TKM,3720278,4226623,4569132,4885775,5267970,5766431,6250438
"Population, total",SP.POP.TOTL,Turks and Caicos Islands,TCA,11709,15101,18744,23995,29726,36538,44276
"Population, total",SP.POP.TOTL,Tuvalu,TUV,9182,9585,9638,9912,10550,10877,11069
"Population, total",SP.POP.TOTL,Uganda,UGA,17586630,20680831,24020697,27946588,32341728,37477356,44404611
"Population, total",SP.POP.TOTL,Ukraine,UKR,51891400,51512800,49176500,47105171,45870741,45154036,44132049
"Population, total",SP.POP.TOTL,United Arab Emirates,ARE,1900151,2433988,3275333,4280993,8481771,8916899,9287289
"Population, total",SP.POP.TOTL,United Kingdom,GBR,57247586,58019030,58892514,60401206,62766365,65116219,67081000
"Population, total",SP.POP.TOTL,United States,USA,249623000,266278000,282162411,295516599,309327143,320738994,331501080
"Population, total",SP.POP.TOTL,Uruguay,URY,3117012,3208300,3292224,3317665,3352651,3402818,3429086
"Population, total",SP.POP.TOTL,Uzbekistan,UZB,20510000,22785000,24650400,26167000,28562400,31298900,34232050
"Population, total",SP.POP.TOTL,Vanuatu,VUT,150882,170612,192074,217632,245453,276438,311685
"Population, total",SP.POP.TOTL,"Venezuela, RB",VEN,19750579,22107286,24427729,26668785,28715022,30529716,28490453
"Population, total",SP.POP.TOTL,Vietnam,VNM,66912613,73759110,79001142,83142095,87411012,92191398,96648685
"Population, total",SP.POP.TOTL,Virgin Islands (U.S.),VIR,103963,107818,108642,108453,108357,107712,106290
"Population, total",SP.POP.TOTL,West Bank and Gaza,PSE,1978248,2474666,2922153,3320396,3786161,4270092,4803269
"Population, total",SP.POP.TOTL,"Yemen, Rep.",YEM,13375121,16103339,18628700,21320671,24743946,28516545,32284046
"Population, total",SP.POP.TOTL,Zambia,ZMB,7686401,8684135,9891136,11564870,13792086,16248230,18927715
"Population, total",SP.POP.TOTL,Zimbabwe,ZWE,10113893,10994041,11834676,12224753,12839771,14154937,15669666
"Population, total",SP.POP.TOTL,Africa Eastern and Southern,AFE,309890664,353466601,401600588,457153837,523459657,600008150,685112705
"Population, total",SP.POP.TOTL,Africa Western and Central,AFW,206739024,235861484,269611898,309824829,356337762,408690375,466189102
"Population, total",SP.POP.TOTL,Arab World,ARB,225923327,255803349,287065982,320558754,364427661,406501999,449228296
"Population, total",SP.POP.TOTL,Caribbean small states,CSS,6057836,6319517,6582141,6802474,7004428,7224602,7444768
"Population, total",SP.POP.TOTL,Central Europe and the Baltics,CEB,110743128,109864246,108447824,106041911,104421447,103257886,102180124
"Population, total",SP.POP.TOTL,Early-demographic dividend,EAR,2041043553,2267616622,2499206970,2725013738,2946338808,3166642585,3375134276
"Population, total",SP.POP.TOTL,East Asia & Pacific,EAS,1818247576,1940892820,2048148696,2132517760,2210203758,2294507020,2363940425
"Population, total",SP.POP.TOTL,East Asia & Pacific (excluding high income),EAP,1601285150,1716380775,1817064785,1896845515,1969241762,2049809214,2116424876
"Population, total",SP.POP.TOTL,East Asia & Pacific (IDA & IBRD countries),TEA,1580447407,1693952154,1793649873,1872697597,1944510719,2024511016,2090523535
"Population, total",SP.POP.TOTL,Euro area,EMU,311093477,317190243,321324622,329398861,336171621,339514675,342913447
"Population, total",SP.POP.TOTL,Europe & Central Asia,ECS,842030509,856511549,862786211,872913705,889222824,908123143,923103879
"Population, total",SP.POP.TOTL,Europe & Central Asia (excluding high income),ECA,361859039,368905312,370646199,372077135,379132241,391695432,400811771
"Population, total",SP.POP.TOTL,Europe & Central Asia (IDA & IBRD countries),TEC,427949024,434804610,435816101,435872410,441717333,453701064,462023771
"Population, total",SP.POP.TOTL,European Union,EUU,420308868,426212138,429342455,435600393,441552554,444570054,447692315
"Population, total",SP.POP.TOTL,Fragile and conflict affected situations,FCS,482851894,548331145,612395529,690141498,778427274,876118480,979418527
"Population, total",SP.POP.TOTL,Heavily indebted poor countries (HIPC),HPC,358121820,413913354,475127894,547936900,630953183,727129254,838066650
"Population, total",SP.POP.TOTL,High income,HIC,1026705783,1066496376,1101322358,1136164408,1179656335,1211637779,1240900955
"Population, total",SP.POP.TOTL,IBRD only,IBD,3471751539,3745623892,3999140171,4228483560,4446099709,4686050627,4889761166
"Population, total",SP.POP.TOTL,IDA & IBRD total,IBT,4319808510,4712210002,5093906989,5465865380,5838366631,6241291929,6628067973
"Population, total",SP.POP.TOTL,IDA blend,IDB,284421830,324995506,370910722,419337831,473204510,527175885,582637127
"Population, total",SP.POP.TOTL,IDA only,IDX,563635141,641590604,723856096,818043989,919062412,1028065417,1155669680
"Population, total",SP.POP.TOTL,IDA total,IDA,848056971,966586110,1094766818,1237381820,1392266922,1555241302,1738306807
"Population, total",SP.POP.TOTL,Late-demographic dividend,LTE,1847943137,1956396680,2046027286,2114766197,2182361368,2258039271,2317277311
"Population, total",SP.POP.TOTL,Latin America & Caribbean,LCN,441597528,482331291,521281149,556739532,588873862,621390109,650534967
"Population, total",SP.POP.TOTL,Latin America & Caribbean (excluding high income),LAC,397075672,433762497,468884433,500836315,529726237,559317823,588808380
"Population, total",SP.POP.TOTL,Latin America & the Caribbean (IDA & IBRD countries),TLA,426479901,466703013,505304844,540553499,572674666,605335594,634680385
"Population, total",SP.POP.TOTL,Least developed countries: UN classification,LDC,513968735,585613280,662018171,749852827,843512714,951928215,1073743450
"Population, total",SP.POP.TOTL,Low & middle income,LMY,4247060780,4638198171,5018572610,5389738377,5761260544,6162743397,6551590116
"Population, total",SP.POP.TOTL,Low income,LIC,302800184,349333486,400821583,462591596,534960135,610047256,699186538
"Population, total",SP.POP.TOTL,Lower middle income,LMC,2016581827,2236944577,2459549814,2683610483,2904506894,3134736445,3357118135
"Population, total",SP.POP.TOTL,Middle East & North Africa,MEA,256203998,289154944,321037453,354462370,397997557,440506473,479966649
"Population, total",SP.POP.TOTL,Middle East & North Africa (excluding high income),MNA,228846359,256953719,283899110,311948573,343313330,378137339,411810124
"Population, total",SP.POP.TOTL,Middle East & North Africa (IDA & IBRD countries),TMN,226868111,254479053,280976957,308628177,339527169,373867247,407006855
"Population, total",SP.POP.TOTL,Middle income,MIC,3944260596,4288864685,4617751027,4927146781,5226300409,5552696141,5852403578
"Population, total",SP.POP.TOTL,North America,NAC,277373464,295640057,312909974,327824506,343397156,356507139,369602177
"Population, total",SP.POP.TOTL,Not classified,INX,..,..,..,..,..,..,..
"Population, total",SP.POP.TOTL,OECD members,OED,1104791543,1155551702,1200179492,1245447053,1291001492,1331743060,1370241530
"Population, total",SP.POP.TOTL,Other small states,OSS,17806417,19547007,21437978,23450481,26565994,29620768,32381190
"Population, total",SP.POP.TOTL,Pacific island small states,PSS,1776243,1892547,2035672,2172802,2301401,2431426,2566819
"Population, total",SP.POP.TOTL,Post-demographic dividend,PST,964048985,995212216,1020793420,1046468599,1075046427,1097061415,1117443485
"Population, total",SP.POP.TOTL,Pre-demographic dividend,PRE,417144782,483031809,553089230,640493810,739525992,856420253,984213438
"Population, total",SP.POP.TOTL,Small states,SST,25640496,27759071,30055791,32425757,35871823,39276796,42392777
"Population, total",SP.POP.TOTL,South Asia,SAS,1141434379,1272943087,1406946728,1541135031,1660139325,1775178483,1882531620
"Population, total",SP.POP.TOTL,South Asia (IDA & IBRD),TSA,1141434379,1272943087,1406946728,1541135031,1660139325,1775178483,1882531620
"Population, total",SP.POP.TOTL,Sub-Saharan Africa,SSF,516629688,589328085,671212486,766978666,879797419,1008698525,1151301807
"Population, total",SP.POP.TOTL,Sub-Saharan Africa (excluding high income),SSA,516560181,589252781,671131355,766895808,879707649,1008605106,1151203345
"Population, total",SP.POP.TOTL,Sub-Saharan Africa (IDA & IBRD countries),TSS,516629688,589328085,671212486,766978666,879797419,1008698525,1151301807
"Population, total",SP.POP.TOTL,Upper middle income,UMC,1927678769,2051920108,2158201213,2243536298,2321793515,2417959696,2495285443
"Population, total",SP.POP.TOTL,World,WLD,5293517142,5726801833,6144322697,6552571570,6969631901,7404910892,7820981524
,,,,,,,,,,
,,,,,,,,,,
,,,,,,,,,,
Data from database: World Development Indicators,,,,,,,,,,
Last Updated: 12/22/2022,,,,,,,,,,
