code,name,Median Age,Population Density ,Population Density Deciles,Age 0-15,Age 65+,Age 85+,Working age 16-64,Age 70+
E06000001,Hartlepool,41.7,999,7,19.2,19.4,2.5,61.4,13.9
E06000002,Middlesbrough,36.3,2616,9,21.1,16.4,2,62.5,11.7
E06000003,Redcar and Cleveland,45.2,560,6,18.1,22.6,2.7,59.3,16.6
E06000004,Stockton-on-Tees,40.7,963,7,20,18.5,2.3,61.6,13.1
E06000005,Darlington,43.2,541,5,18.9,20.5,2.7,60.6,15.1
E06000006,Halton,40.9,1636,8,20,18.4,1.9,61.6,12.6
E06000007,Warrington,42.3,1163,7,18.9,18.9,2.2,62.2,13.8
E06000008,Blackburn with Darwen,36.5,1092,7,23.1,14.5,1.6,62.4,10.2
E06000009,Blackpool,43.4,3999,9,18.8,20.4,2.6,60.8,15.1
E06000010,"Kingston upon Hull, City of",35.8,3629,9,20.1,15.1,1.8,64.8,10.7
E06000011,East Riding of Yorkshire,49.2,142,2,16.4,26.2,3.2,57.4,19.2
E06000012,North East Lincolnshire,42.6,828,6,19.5,20.6,2.8,59.9,15.1
E06000013,North Lincolnshire,44.3,204,3,18.5,21.3,2.6,60.2,15.2
E06000014,York,37.7,775,6,15.6,18.4,2.6,66,13.7
E06000015,Derby,37,3297,9,21,16.5,2.5,62.6,12.2
E06000016,Leicester,31.6,4830,10,21.5,12.2,1.7,66.4,8.4
E06000017,Rutland,47.6,105,2,16.9,25.5,3.4,57.6,18.9
E06000018,Nottingham,29.7,4462,10,18.8,11.6,1.7,69.6,8.2
E06000019,"Herefordshire, County of",47.4,88,1,16.7,24.7,3.3,58.6,18.1
E06000020,Telford and Wrekin,39.5,620,6,20.6,17.3,1.8,62.1,12.2
E06000021,Stoke-on-Trent,37.8,2743,9,20.5,17.2,2,62.3,12.3
E06000022,Bath and North East Somerset,38.2,559,6,16.7,19,2.8,64.3,14.1
E06000023,"Bristol, City of",32.4,4224,10,18.5,13,2,68.5,9.5
E06000024,North Somerset,46,575,6,18.2,24,3.4,57.8,18.1
E06000025,South Gloucestershire,40.6,574,6,18.8,18.8,2.6,62.4,14
E06000026,Plymouth,38.6,3282,9,18.2,18.5,2.5,63.3,13.6
E06000027,Torbay,49.1,2167,8,16.8,26.9,3.8,56.4,20.1
E06000030,Swindon,40.1,966,7,20.5,16.3,2.1,63.2,11.6
E06000031,Peterborough,36.7,589,6,23.4,14.9,2.1,61.7,10.6
E06000032,Luton,34.6,4914,10,24.5,12.6,1.8,62.9,9.1
E06000033,Southend-on-Sea,41.8,4394,10,19.6,19.5,3,60.9,14.4
E06000034,Thurrock,36.9,1064,7,23.3,13.8,1.6,62.9,9.7
E06000035,Medway,38.2,1438,7,21,16.1,1.8,62.9,11.5
E06000036,Bracknell Forest,39.3,1120,7,20.7,14.7,1.8,64.6,10.4
E06000037,West Berkshire,43.5,225,3,19.9,19.3,2.4,60.8,13.9
E06000038,Reading,34.8,4005,9,20.9,12.5,1.8,66.6,9.1
E06000039,Slough,35,4595,10,26.4,10.2,1.3,63.4,6.8
E06000040,Windsor and Maidenhead,42.3,771,6,20.3,18.8,3,60.9,14.1
E06000041,Wokingham,41.6,956,7,21.2,17.6,2.5,61.2,13.1
E06000042,Milton Keynes,38,873,6,23.2,14.2,1.6,62.6,9.7
E06000043,Brighton and Hove,35.3,3512,9,15.4,13.4,2.1,71.2,9.7
E06000044,Portsmouth,34.1,5321,10,18.4,14.2,2,67.4,10.4
E06000045,Southampton,32.3,5062,10,18.5,13.4,1.9,68.1,9.7
E06000046,Isle of Wight,50.6,373,5,15.5,28.3,3.8,56.1,21
E06000047,County Durham,43.4,238,4,17.2,20.8,2.4,62,15
E06000049,Cheshire East,46.4,329,4,18,23,3.2,59,17
E06000050,Cheshire West and Chester,44.5,373,5,18,21.6,2.8,60.4,15.8
E06000051,Shropshire,47.8,101,2,16.4,24.7,3.2,58.9,18.1
E06000052,Cornwall,47.6,161,3,17,25,3.1,58,18.3
E06000053,Isles of Scilly,48.2,136,2,14.3,26.1,4,59.6,19.9
E06000054,Wiltshire,44.9,154,2,18.9,21.7,3,59.4,16
E06000055,Bedford,40.5,364,4,21.1,17.8,2.6,61.1,13
E06000056,Central Bedfordshire,41.1,403,5,19.9,17.9,2.2,62.2,13
E06000057,Northumberland,48.4,64,1,16.3,24.7,3,59,17.8
E06000058,"Bournemouth, Christchurch and Poole",42.7,2439,8,17.2,21.8,3.6,60.9,16.5
E06000059,Dorset,51,152,2,15.8,29.1,4.1,55.1,21.7
E06000060,Buckinghamshire,42.2,348,4,20.7,18.9,2.8,60.4,14
E07000008,Cambridge,30.3,3066,9,17.4,13.1,2.2,69.5,9.5
E07000009,East Cambridgeshire,43.4,138,2,19.7,20.4,2.7,59.9,14.9
E07000010,Fenland,45,186,3,17.9,23,3.2,59.1,16.9
E07000011,Huntingdonshire,43.5,196,3,18.5,20.2,2.5,61.3,14.8
E07000012,South Cambridgeshire,43.1,176,3,20.1,19.6,2.7,60.3,14.5
E07000026,Allerdale,48.3,79,1,16.4,24.7,3.2,58.9,18
E07000027,Barrow-in-Furness,45,861,6,17.6,21.8,2.4,60.7,15.9
E07000028,Carlisle,45.1,105,2,17.8,21.9,2.9,60.3,15.9
E07000029,Copeland,47.1,93,2,16.8,22.7,2.6,60.4,16.4
E07000030,Eden,50.8,25,1,15.1,27,3.6,57.9,19.5
E07000031,South Lakeland,51.3,68,1,14.8,28.5,4.1,56.7,21.3
E07000032,Amber Valley,46.1,483,5,16.8,22.2,2.7,61,16.1
E07000033,Bolsover,44,502,5,17.7,20.1,2.3,62.2,14.4
E07000034,Chesterfield,44.6,1589,8,17,21.2,2.8,61.8,15.4
E07000035,Derbyshire Dales,51.1,91,1,15,27.2,3.4,57.8,19.8
E07000036,Erewash,43.9,1052,7,17.9,20.6,2.9,61.5,15.3
E07000037,High Peak,46.1,172,3,17.1,21.3,2.5,61.6,15.2
E07000038,North East Derbyshire,47.9,368,5,16.4,24.8,2.8,58.8,18.3
E07000039,South Derbyshire,42,317,4,18.8,18.4,2.1,62.9,13
E07000040,East Devon,51.2,180,3,16,30.4,4.7,53.7,23.1
E07000041,Exeter,33.6,2794,9,15.5,16,2.6,68.4,11.9
E07000042,Mid Devon,46.7,90,1,18.4,23.5,3.1,58.1,17
E07000043,North Devon,48,89,1,17.4,25.3,3.4,57.4,18.9
E07000044,South Hams,51.5,98,2,15.8,28.3,3.5,56,20.5
E07000045,Teignbridge,49.4,199,3,16.2,26.6,3.8,57.2,19.5
E07000046,Torridge,50.7,69,1,16,27.7,3.4,56.3,19.9
E07000047,West Devon,51.3,48,1,15.9,28,3.7,56.1,20.5
E07000061,Eastbourne,45.8,2349,8,17.3,25.1,4.4,57.6,19.2
E07000062,Hastings,43.4,3110,9,18.5,20.3,2.8,61.1,14.7
E07000063,Lewes,48,354,4,17.1,25.8,4.1,57,19.4
E07000064,Rother,53.1,189,3,15,32.1,4.8,52.8,24.4
E07000065,Wealden,49,194,3,17.1,26.1,3.7,56.8,19.6
E07000066,Basildon,39.3,1702,8,21.1,17.2,2.3,61.7,12.7
E07000067,Braintree,43.6,249,4,19.2,20.4,2.6,60.4,14.9
E07000068,Brentwood,43.3,503,5,18.7,20.4,3.4,60.9,15.5
E07000069,Castle Point,46.9,2023,8,17.1,25.4,3,57.5,19
E07000070,Chelmsford,41.6,527,5,19.1,19.2,2.7,61.6,14.3
E07000071,Colchester,37.8,593,6,18.8,17.3,2.2,63.9,12.7
E07000072,Epping Forest,42.7,388,5,19.1,19.7,3,61.3,14.7
E07000073,Harlow,37.5,2851,9,22.7,15.4,2.4,61.9,11.1
E07000074,Maldon,49.2,181,3,16.3,25.3,3,58.3,18.5
E07000075,Rochford,46.2,522,5,17.3,23.2,3,59.5,17.4
E07000076,Tendring,50.8,436,5,16.4,29.8,4,53.7,22.6
E07000077,Uttlesford,43.9,142,2,19.9,19.6,2.8,60.5,14.4
E07000078,Cheltenham,40.7,2496,8,17.7,19.7,3.1,62.6,14.7
E07000079,Cotswold,49.1,77,1,16.5,25.9,3.6,57.6,19.1
E07000080,Forest of Dean,48.2,165,3,16.5,24.7,2.9,58.8,17.8
E07000081,Gloucester,39.2,3184,9,20.1,16.9,2.3,63,12.3
E07000082,Stroud,46.7,260,4,17.9,22.6,2.8,59.5,16.4
E07000083,Tewkesbury,44.5,229,3,18.8,22.1,2.9,59.1,16.2
E07000084,Basingstoke and Deane,41.3,279,4,20,17.5,2.1,62.4,12.7
E07000085,East Hampshire,47.1,238,4,18.1,23.4,3.4,58.5,17.6
E07000086,Eastleigh,42.1,1677,8,19.3,19.6,2.8,61.1,14.4
E07000087,Fareham,46.7,1565,8,16.8,23.7,3.5,59.5,18
E07000088,Gosport,42.7,3344,9,18.4,20.4,2.8,61.2,15
E07000089,Hart,43.7,451,5,20,19.9,2.7,60.2,15
E07000090,Havant,45.9,2264,8,17.7,23.5,3.5,58.7,17.7
E07000091,New Forest,50.8,239,4,15.8,29.3,4.8,54.9,22.2
E07000092,Rushmoor,38.8,2423,8,20.1,14.9,1.9,65,10.8
E07000093,Test Valley,45,201,3,18.8,21.7,2.9,59.5,16.2
E07000094,Winchester,43.7,189,3,18.5,21.4,3.3,60.1,16
E07000095,Broxbourne,40.2,1891,8,20.5,17.9,2.5,61.7,13.5
E07000096,Dacorum,40.7,728,6,20.5,17.3,2.7,62.1,12.6
E07000098,Hertsmere,40.9,1037,7,21.4,18.4,2.9,60.2,13.8
E07000099,North Hertfordshire,42.2,356,4,19.7,19.2,2.9,61.1,14.3
E07000102,Three Rivers,41.8,1051,7,20.5,18.2,2.8,61.3,13.5
E07000103,Watford,37,4507,10,22.3,13.3,2,64.4,9.7
E07000105,Ashford,42,224,3,20.7,19.4,2.4,59.9,14.4
E07000106,Canterbury,38.2,536,5,15.9,20.6,3.1,63.5,15.4
E07000107,Dartford,37.3,1548,7,22.5,14.1,2.1,63.4,10.3
E07000108,Dover,46.6,375,5,17.5,23.5,3,58.9,17.2
E07000109,Gravesham,39.7,1080,7,21.4,17.4,2.4,61.3,12.8
E07000110,Maidstone,41.4,437,5,20,19.2,2.6,60.8,14.3
E07000111,Sevenoaks,44.3,327,4,20.2,21.6,3.2,58.2,16.1
E07000112,Folkestone and Hythe,47.3,317,4,16.9,24.8,3.4,58.3,18.3
E07000113,Swale,41.1,402,5,20.3,19.2,2.2,60.5,13.9
E07000114,Thanet,45.1,1370,7,18.9,23.8,3.1,57.3,17.5
E07000115,Tonbridge and Malling,42.2,550,6,20.5,18.8,2.4,60.7,14
E07000116,Tunbridge Wells,43.2,358,4,20.2,19.4,3.2,60.4,14.5
E07000117,Burnley,40,803,6,21,18.7,2.3,60.2,13.5
E07000118,Chorley,43.5,583,6,18.5,20,2.1,61.6,14.3
E07000119,Fylde,50.5,488,5,15.6,27.6,3.9,56.9,20.7
E07000120,Hyndburn,39.8,1110,7,20.8,18.5,2.1,60.7,13.5
E07000121,Lancaster,39.5,258,4,16.8,19.9,2.6,63.2,14.7
E07000122,Pendle,39.7,544,5,21.2,18.7,2.3,60.2,13.3
E07000123,Preston,35.3,1006,7,20.5,14.7,1.9,64.8,10.5
E07000124,Ribble Valley,48.1,104,2,16.9,23.7,3.2,59.4,17.6
E07000125,Rossendale,42.5,518,5,19.6,18.7,2.2,61.6,13.1
E07000126,South Ribble,44.6,979,7,18.2,21.5,2.5,60.3,15.6
E07000127,West Lancashire,44.6,330,4,17.3,22.1,2.8,60.6,16.4
E07000128,Wyre,49.9,397,5,15.8,27.8,3.7,56.5,20.8
E07000129,Blaby,42.9,778,6,19.1,20.3,2.7,60.6,15
E07000130,Charnwood,38.4,666,6,17,18.1,2.4,64.9,13.1
E07000131,Harborough,46.2,159,3,18.3,21.9,2.8,59.7,16
E07000132,Hinckley and Bosworth,45.1,380,5,17.8,22.1,2.6,60.1,16
E07000133,Melton,47.6,106,2,17.6,23.1,2.8,59.4,16.5
E07000134,North West Leicestershire,43.9,371,5,18.3,20.1,2.3,61.6,14.4
E07000135,Oadby and Wigston,42.6,2423,8,18.4,21.7,3.8,59.9,16.5
E07000136,Boston,41.9,192,3,19.3,20.9,2.7,59.8,15.2
E07000137,East Lindsey,52.4,80,1,15.2,30,3.4,54.7,21.8
E07000138,Lincoln,33.4,2782,9,16.6,15.4,2.3,68.1,11.1
E07000139,North Kesteven,46.3,127,2,17.4,23.6,2.8,59,17.6
E07000140,South Holland,46.4,127,2,17.6,24.2,3.3,58.2,18.1
E07000141,South Kesteven,46.5,151,2,18.4,23.2,2.9,58.5,16.9
E07000142,West Lindsey,48.2,83,1,17.2,24.8,2.8,58,18
E07000143,Breckland,46.8,107,2,17.4,25.1,3.5,57.5,18.7
E07000144,Broadland,48.1,237,4,16.4,25.8,3.6,57.7,19.4
E07000145,Great Yarmouth,45.9,570,6,17.9,24.4,3.2,57.7,18
E07000146,King's Lynn and West Norfolk,47.9,105,2,17.6,26.2,3.4,56.2,19.5
E07000147,North Norfolk,54.3,109,2,13.8,33.2,4.8,53,24.8
E07000148,Norwich,33.5,3602,9,16.9,15.1,2.4,68,11.1
E07000149,South Norfolk,46.2,155,3,18.1,24,3.3,57.9,17.9
E07000150,Corby,37.5,900,6,22.5,14.2,1.5,63.3,9.8
E07000151,Daventry,45,130,2,18.6,20.6,2.3,60.8,14.6
E07000152,East Northamptonshire,44.8,185,3,18.9,21.2,2.7,59.9,15.2
E07000153,Kettering,41.2,436,5,20.6,18.7,2.3,60.7,13.5
E07000154,Northampton,37.6,2781,9,21.8,15.5,2,62.6,11.1
E07000155,South Northamptonshire,45.1,149,2,19.1,20.4,2.4,60.5,14.9
E07000156,Wellingborough,42,489,5,20.8,19.5,2.3,59.7,14
E07000163,Craven,50.6,49,1,15.6,27.3,3.9,57.1,20.1
E07000164,Hambleton,49.9,70,1,16,26.5,3.4,57.5,19.5
E07000165,Harrogate,47.5,123,2,17.7,23.6,3.6,58.8,17.7
E07000166,Richmondshire,44,41,1,16.4,21.4,2.5,62.2,15.5
E07000167,Ryedale,50.4,37,1,15.6,27,3.6,57.4,19.7
E07000168,Scarborough,50.1,133,2,16,27.5,3.5,56.5,20.1
E07000169,Selby,44.5,151,2,18.4,20.4,2.3,61.1,14.5
E07000170,Ashfield,41.9,1168,7,18.9,19.4,2.2,61.7,14
E07000171,Bassetlaw,45.7,184,3,17.9,22.2,2.7,59.9,16.1
E07000172,Broxtowe,43.1,1424,7,17.1,21.1,2.8,61.8,15.6
E07000173,Gedling,44.1,983,7,17.9,21.1,2.6,61,15.3
E07000174,Mansfield,42.1,1425,7,18.9,19.4,2.4,61.7,13.9
E07000175,Newark and Sherwood,45.4,188,3,18,22.1,2.7,59.9,16.2
E07000176,Rushcliffe,43.9,291,4,18.5,21.2,3.1,60.4,15.6
E07000177,Cherwell,41.2,256,4,20.1,18.3,2.5,61.7,13.4
E07000178,Oxford,28.9,3343,9,17.8,12.5,2,69.7,9.1
E07000179,South Oxfordshire,44.4,209,3,19.2,21.1,2.9,59.7,15.9
E07000180,Vale of White Horse,42.5,235,4,19.3,20.2,2.9,60.5,15
E07000181,West Oxfordshire,44.7,155,3,18.5,21.8,3.3,59.7,16.2
E07000187,Mendip,47,156,3,18,23.5,3.2,58.4,17.1
E07000188,Sedgemoor,46.9,218,3,17.9,23.9,3.2,58.2,17.5
E07000189,South Somerset,47.7,176,3,17.6,25.6,3.5,56.8,18.7
E07000192,Cannock Chase,42.6,1277,7,17.9,19.2,2.3,62.9,13.8
E07000193,East Staffordshire,41.9,309,4,19.5,19.3,2.5,61.2,14.1
E07000194,Lichfield,46.6,316,4,17.1,24,2.9,58.8,18.1
E07000195,Newcastle-under-Lyme,41.9,614,6,16.2,20.7,2.8,63.1,15.2
E07000196,South Staffordshire,48,276,4,15.6,24.7,3,59.7,18.3
E07000197,Stafford,45.4,229,3,17.1,22.5,2.8,60.4,16.6
E07000198,Staffordshire Moorlands,48.6,171,3,16,25.2,2.9,58.8,18.5
E07000199,Tamworth,41.3,2486,8,19.4,19.1,2,61.5,13.5
E07000200,Babergh,48.8,155,3,17,26.3,3.6,56.7,19.6
E07000202,Ipswich,38.2,3465,9,20.4,16.8,2.5,62.8,12.1
E07000203,Mid Suffolk,47.8,119,2,16.7,24.6,3.1,58.6,17.9
E07000207,Elmbridge,43,1439,7,22.4,18.5,3.1,59.1,13.9
E07000208,Epsom and Ewell,41.5,2366,8,20.9,18.3,2.6,60.8,13.6
E07000209,Guildford,37.4,550,6,17.6,16.6,2.5,65.8,12.4
E07000210,Mole Valley,47.5,338,4,17.8,23.7,3.8,58.5,17.9
E07000211,Reigate and Banstead,41.5,1152,7,20.7,18.2,3,61.1,13.5
E07000212,Runnymede,37.7,1146,7,17.4,16.9,2.7,65.7,12.7
E07000213,Spelthorne,41.8,2224,8,19.8,18.6,2.7,61.7,13.9
E07000214,Surrey Heath,43.9,939,6,19.2,19.7,3,61.1,14.9
E07000215,Tandridge,44.3,355,4,19.4,20.9,3.3,59.6,15.7
E07000216,Waverley,45,366,5,19.9,22.3,3.8,57.8,17
E07000217,Woking,41.1,1585,8,21.6,17.3,2.8,61.1,12.7
E07000218,North Warwickshire,45.6,230,3,17.4,21.9,2.7,60.7,16
E07000219,Nuneaton and Bedworth,41.3,1645,8,19.7,19.3,2.2,61,13.9
E07000220,Rugby,41.2,310,4,20.2,19,2.6,60.7,14.3
E07000221,Stratford-on-Avon,48.2,133,2,16.8,25.5,3.6,57.8,19.2
E07000222,Warwick,39.7,508,5,17.2,18.8,2.8,64,14
E07000223,Adur,45.7,1529,7,18.5,23.5,3.4,58,17.8
E07000224,Arun,49.7,727,6,16.1,28.9,4.3,55,22.1
E07000225,Chichester,49.3,154,2,16.5,27.4,4.3,56,20.8
E07000226,Crawley,37.5,2500,9,22,13.6,2.1,64.4,9.6
E07000227,Horsham,46.3,271,4,18.2,22.8,3.3,59,16.9
E07000228,Mid Sussex,43.8,452,5,19.7,20.6,3.1,59.8,15.3
E07000229,Worthing,45.2,3400,9,17.8,22.6,3.7,59.6,17.2
E07000234,Bromsgrove,45.5,460,5,18.4,22.7,3.4,59,16.8
E07000235,Malvern Hills,50.8,136,2,16,28.2,4.1,55.8,21
E07000236,Redditch,40.2,1572,8,20.1,18.5,2,61.4,12.7
E07000237,Worcester,38.7,3042,9,18.4,17.3,2.3,64.3,12.6
E07000238,Wychavon,48.2,195,3,17.1,25.1,3.4,57.8,18.4
E07000239,Wyre Forest,46.8,518,5,17.3,24.9,3,57.8,18.5
E07000240,St Albans,41.1,921,6,22.4,17.1,2.8,60.5,12.7
E07000241,Welwyn Hatfield,35.7,950,7,18.8,15.5,2.7,65.6,11.6
E07000242,East Hertfordshire,42.7,315,4,19.7,18.1,2.5,62.1,13.3
E07000243,Stevenage,38.3,3383,9,20.8,15.4,2.4,63.8,11.3
E07000244,East Suffolk,49.3,198,3,16.8,27.5,3.9,55.7,20.6
E07000245,West Suffolk,41.3,173,3,19.4,21.2,3.1,59.3,15.9
E07000246,Somerset West and Taunton,47.9,131,2,17.1,25.9,3.9,57,19.1
E08000001,Bolton,38.9,2057,8,21.5,17.3,2,61.2,12.5
E08000002,Bury,40.3,1920,8,20.4,18.3,2.2,61.3,13.4
E08000003,Manchester,30.1,4781,10,20.2,9.3,1.2,70.5,6.4
E08000004,Oldham,37.1,1666,8,22.5,16.2,1.9,61.3,11.6
E08000005,Rochdale,38.1,1407,7,21.7,16.5,2,61.9,11.6
E08000006,Salford,34.8,2663,9,20.3,14.2,1.8,65.6,10.2
E08000007,Stockport,42.4,2328,8,19.5,20,2.8,60.5,14.8
E08000008,Tameside,40.1,2196,8,20.2,17.7,1.9,62.1,12.7
E08000009,Trafford,40.7,2238,8,21.3,17.4,2.6,61.3,12.8
E08000010,Wigan,42.1,1747,8,18.8,19.1,1.9,62.1,13.8
E08000011,Knowsley,39.5,1744,8,20.2,17.3,2.2,62.5,12
E08000012,Liverpool,34.8,4453,10,17.5,14.8,1.9,67.8,10.4
E08000013,St. Helens,43,1324,7,18.4,20.6,2.3,61,15
E08000014,Sefton,46.5,1765,8,17.5,23.6,3.5,59,17.5
E08000015,Wirral,44.4,2013,8,18.6,21.9,3,59.5,15.9
E08000016,Barnsley,42.4,750,6,18.6,19.5,2.3,61.8,14
E08000017,Doncaster,41.2,549,5,19.3,19.2,2.4,61.5,13.8
E08000018,Rotherham,41.9,926,6,19.4,19.7,2.4,60.9,14.3
E08000019,Sheffield,35.4,1590,8,18.1,16.1,2.2,65.8,12
E08000021,Newcastle upon Tyne,32.3,2669,9,17.4,14.5,2.1,68.1,10.5
E08000022,North Tyneside,43.3,2526,9,18.1,20.3,2.6,61.7,14.5
E08000023,South Tyneside,43.4,2343,8,17.9,20.3,2.6,61.8,14.5
E08000024,Sunderland,42.2,2021,8,17.7,19.7,2.3,62.5,14
E08000025,Birmingham,32.6,4264,10,22.7,13.1,1.9,64.3,9.5
E08000026,Coventry,32.1,3766,9,19.5,13.5,1.9,67,9.9
E08000027,Dudley,42,3283,9,19.4,20.4,2.6,60.2,15.1
E08000028,Sandwell,36.7,3839,9,22.7,15,2,62.3,11
E08000029,Solihull,43.1,1214,7,19.7,21.1,3.2,59.2,15.9
E08000030,Walsall,38.2,2746,9,21.7,17.6,2.3,60.7,13
E08000031,Wolverhampton,37.8,3793,9,21.5,16.7,2.5,61.9,12.2
E08000032,Bradford,36.5,1473,7,23.7,15,2,61.3,10.6
E08000033,Calderdale,42.2,581,6,19.6,18.8,2.3,61.6,13.4
E08000034,Kirklees,39.7,1076,7,20.4,17.8,2.2,61.9,12.8
E08000035,Leeds,35.3,1438,7,19.4,15.6,2,65.1,11.3
E08000036,Wakefield,41.6,1029,7,19.2,19,2.3,61.8,13.7
E08000037,Gateshead,41.5,1419,7,17.4,19.7,2.6,63,14.5
E09000001,City of London,38.5,3361,9,15.4,16.9,2.3,67.7,11.8
E09000002,Barking and Dagenham,32.5,5898,10,27.2,9.3,1.4,63.5,6.5
E09000003,Barnet,37.4,4563,10,21.4,14.5,2.3,64.2,10.5
E09000004,Bexley,38.9,4099,9,20.7,16.5,2.6,62.8,12.3
E09000005,Brent,35.7,7628,10,21.3,12.5,1.7,66.2,8.6
E09000006,Bromley,40.9,2214,8,20.4,17.5,2.7,62.1,13.1
E09000007,Camden,34,12393,10,17.5,12,1.7,70.5,8.6
E09000008,Croydon,37.7,4471,10,22.2,13.8,1.9,64.1,9.7
E09000009,Ealing,37.1,6154,10,21.8,13.1,1.8,65.1,9.1
E09000010,Enfield,36.4,4130,9,22.8,13.4,1.9,63.8,9.7
E09000011,Greenwich,35,6086,10,21.9,10.5,1.4,67.5,7.4
E09000012,Hackney,33.3,14758,10,20.7,7.7,0.9,71.6,5.2
E09000013,Hammersmith and Fulham,35,11287,10,18.3,11,1.4,70.7,7.8
E09000014,Haringey,35.8,9076,10,20.1,10.4,1.2,69.5,7.1
E09000015,Harrow,38.3,4977,10,21.3,15.9,2.4,62.8,11.4
E09000016,Havering,39.2,2310,8,20.3,18,2.9,61.7,13.4
E09000017,Hillingdon,36.3,2652,9,21.9,13.5,1.9,64.6,9.8
E09000018,Hounslow,36.4,4851,10,21.9,12.3,1.5,65.8,8.5
E09000019,Islington,31.9,16321,10,15.9,8.9,1.1,75.3,6.2
E09000020,Kensington and Chelsea,39.9,12876,10,16.8,16,2,67.1,11.5
E09000021,Kingston upon Thames,37.4,4764,10,20.2,13.9,2.1,65.8,10.1
E09000022,Lambeth,33.3,12156,10,17.3,8.4,1.1,74.3,5.8
E09000023,Lewisham,35.2,8702,10,20.5,9.5,1.3,70,6.6
E09000024,Merton,37.4,5490,10,21,12.8,1.8,66.1,9.1
E09000025,Newham,32.3,9756,10,22.1,7.7,0.9,70.2,5.1
E09000026,Redbridge,35.8,5411,10,22.4,12.7,1.9,64.8,9
E09000027,Richmond upon Thames,41.1,3450,9,21,15.9,2.2,63.1,11.4
E09000028,Southwark,33.6,11045,10,18.7,8.5,1.1,72.8,5.8
E09000029,Sutton,39.5,4706,10,21.3,15.3,2.2,63.4,11.2
E09000030,Tower Hamlets,31.6,16427,10,20.2,6.4,0.8,73.4,4.2
E09000031,Waltham Forest,35.2,7137,10,21.9,10.8,1.5,67.2,7.6
E09000032,Wandsworth,34,9624,10,18,9.6,1.2,72.4,6.8
E09000033,Westminster,36.3,12167,10,16.9,12.5,1.7,70.6,8.8
W06000001,Isle of Anglesey,48.3,98,2,17.2,26.2,3.3,56.6,19.2
W06000002,Gwynedd,43.2,49,1,16.7,22.8,3.3,60.5,16.8
W06000003,Conwy,49.9,104,2,16.2,27.9,4.3,55.9,20.9
W06000004,Denbighshire,46.9,114,2,18.1,24.3,2.8,57.6,17.7
W06000005,Flintshire,43.9,355,4,18.5,21.2,2.4,60.3,15.3
W06000006,Wrexham,42.5,270,4,19.2,20.2,2.5,60.6,14.5
W06000008,Ceredigion,46.7,41,1,15,25.4,3.5,59.7,18.5
W06000009,Pembrokeshire,48.3,78,1,17,26,3.4,56.9,18.9
W06000010,Carmarthenshire,46.5,80,1,17.6,23.8,3,58.6,17.2
W06000011,Swansea,39.7,654,6,16.9,19.7,2.7,63.4,14.5
W06000012,Neath Port Talbot,43.4,325,4,17.5,20.9,2.5,61.5,14.9
W06000013,Bridgend,42.9,586,6,17.9,20.3,2.3,61.8,14.7
W06000014,Vale of Glamorgan,43.8,403,5,18.5,21.2,2.6,60.3,15.4
W06000015,Cardiff,33.6,2604,9,18.4,14.2,2,67.4,10.1
W06000016,Rhondda Cynon Taf,40.6,569,6,18.6,19.3,2.2,62,13.9
W06000018,Caerphilly,41.7,653,6,18.7,19.6,2.1,61.7,14
W06000019,Blaenau Gwent,43.1,643,6,17.5,20.3,2.2,62.2,14.7
W06000020,Torfaen,42.2,748,6,18.6,20.6,2.7,60.8,14.8
W06000021,Monmouthshire,49,111,2,16.2,25.3,3.5,58.6,18.5
W06000022,Newport,38.8,812,6,20.6,17.2,2.2,62.1,12.6
W06000023,Powys,50.4,26,1,16,27.5,3.6,56.6,20
W06000024,Merthyr Tydfil,40.4,541,5,19.2,18.9,2.1,62,13.4
S12000005,Clackmannanshire,44.9,324,4,17.4,20.3,2,62.3,14.2
S12000006,Dumfries and Galloway,49.6,23,1,15.6,25.9,3.1,58.5,18.7
S12000008,East Ayrshire,44.7,97,2,17.3,20.5,2.2,62.3,14.4
S12000010,East Lothian,44.6,158,3,18.4,20.3,2.5,61.3,14.7
S12000011,East Renfrewshire,43.7,548,5,20.4,20.1,2.9,59.5,14.7
S12000013,Na h-Eileanan Siar,49.5,9,1,15.9,25.8,3.5,58.3,18.7
S12000014,Falkirk,43.4,541,5,17.5,18.9,2.1,63.6,13.4
S12000017,Highland,46.6,9,1,16.6,22.5,2.7,60.9,16
S12000018,Inverclyde,46.2,485,5,16.2,21.2,2.7,62.6,15.2
S12000019,Midlothian,41.6,261,4,19.4,18.8,2,61.8,13.3
S12000020,Moray,45.3,43,1,16.8,21.6,2.7,61.5,15.5
S12000021,North Ayrshire,46.7,152,2,16.7,22.7,2.5,60.7,16.2
S12000023,Orkney Islands,48,22,1,16.1,23.8,2.7,60.1,17.2
S12000026,Scottish Borders,49.1,24,1,16.5,24.8,2.8,58.8,17.8
S12000027,Shetland Islands,44.2,16,1,18.3,20.4,2.2,61.2,14.4
S12000028,South Ayrshire,49,92,1,15.6,25.5,3.2,58.8,18.5
S12000029,South Lanarkshire,44.2,181,3,17.4,19.6,2.3,63.1,13.8
S12000030,Stirling,42.3,43,1,16.4,19.4,2.3,64.2,14
S12000033,Aberdeen City,37.3,1232,7,15.5,15.8,2.1,68.7,11.3
S12000034,Aberdeenshire,44,41,1,18.8,19.6,2.2,61.7,13.7
S12000035,Argyll and Bute,49.7,12,1,15,25.9,3,59.1,18.7
S12000036,City of Edinburgh,36.5,1993,8,15.1,15.1,2.2,69.8,10.8
S12000038,Renfrewshire,42.9,685,6,16.9,18.9,2.3,64.2,13.5
S12000039,West Dunbartonshire,43.3,560,6,17.6,18.8,2.1,63.6,13.1
S12000040,West Lothian,41,428,5,19.4,16.6,1.7,64,11.7
S12000041,Angus,47.1,53,1,16.5,23.9,3,59.6,17.3
S12000042,Dundee City,37,2496,8,16.1,17.5,2.5,66.4,12.8
S12000045,East Dunbartonshire,46.4,623,6,17.9,22.5,3.1,59.6,16.5
S12000047,Fife,43.8,282,4,17.3,20.6,2.4,62.1,14.8
S12000048,Perth and Kinross,47,29,1,16.1,23.6,3.2,60.3,17.1
S12000049,Glasgow City,35.6,3626,9,15.9,13.5,1.8,70.6,9.5
S12000050,North Lanarkshire,41.5,726,6,18.4,17.3,1.7,64.3,12
N09000001,Antrim and Newtownabbey,39.5,251,4,20.9,16.8,2,62.3,12
N09000002,"Armagh City, Banbridge and Craigavon",38,162,3,22.6,15.5,1.8,61.9,11.1
N09000003,Belfast,35.9,2495,8,19.9,14.8,2.2,65.3,10.7
N09000004,Causeway Coast and Glens,41.3,73,1,19.6,18.4,2.2,62,13.2
N09000005,Derry City and Strabane,38,121,2,21.7,15.1,1.5,63.2,10.4
N09000006,Fermanagh and Omagh,39.7,41,1,21.7,17.1,2.1,61.3,11.9
N09000007,Lisburn and Castlereagh,40.3,289,4,20.3,17.4,2.2,62.3,12.7
N09000008,Mid and East Antrim,42.3,131,2,19.2,19,2.3,61.8,13.7
N09000009,Mid Ulster,36.7,81,1,23.3,14.5,1.8,62.1,10.3
N09000010,"Newry, Mourne and Down",38.1,108,2,22.6,15.7,1.9,61.7,11.1
N09000011,Ards and North Down,44.2,285,4,18.7,21.4,2.5,60,15.4
